model,accuracy,root_mean_squared_error,mean_absolute_error,log_loss,f1_weighted,f1_macro,f1_micro,roc_auc_weighted,roc_auc_macro,roc_auc_micro,gmean_weighted,gmean_macro,gmean_micro,matthews
logreg,0.5402714932126697,0.8304172205469944,0.5285067873303168,1.0558144460939252,0.5080450383032413,0.47818654065650107,0.5402714932126697,0.847208778309078,0.8496741981719449,0.8599673430109948,0.6794852578632412,0.6517511659526872,0.691503392257814,0.41252645300232355
