{
    "stella_en_1.5B_v5_20240826_204329_7": {
        "accuracy": 0.577828,
        "acc_up_to_1": 0.964706
    },
    "stella_en_1.5B_v5_20240820_233548_20240826_221650_24": {
        "accuracy": 0.580090,
        "acc_up_to_1": 0.971493
    },
    "stella_en_400M_v5_20240826_211432_11": {
        "accuracy": 0.571041,
        "acc_up_to_1": 0.964253
    },
    "gte-Qwen2-1.5B-instruct_20240826_215808_5": {
        "accuracy": 0.565611,
        "acc_up_to_1": 0.961991
    }
}